unit_id,m_gps_patience,m_wvs_q13,m_wvs_q14,m_composite,m_prompt_a,m_prompt_b,m_noise,risktaking,q275_mean,log_gdp_pc
ARG,-0.22930798,1.7826520438683948,1.6849451645064806,0.8216581090175021,0.5176435432189308,0.5260630695434692,0.4866964077475746,0.04150317,2.7357926221335993,10.231033976273649
AUS,0.65700376,1.7832322118036403,1.555984555984556,-0.1081700278718469,0.6122213358092486,0.4907828392654013,-1.4601264261499725,0.13713655,4.655192197360872,10.950672739167878
BGD,0.08113671,1.7641666666666669,1.8875,2.119953342703001,0.4549235799542151,0.48696168768800907,-0.1468405676313502,-0.19806775,1.853211009174312,8.704834075058292
BOL,0.071331106,1.7668771248178727,1.8120446818844096,1.5977852241730783,0.4359541855613641,0.4168769542666063,-1.0977413023417009,0.10303829,3.3503153808830666,9.361845908897228
BRA,-0.2600402,1.8200908059023837,1.7667423382519865,1.7602801627856062,0.448522520068824,0.39942107476899763,-0.4323328333891773,-0.2505968,2.7779700115340256,9.794004524490122
CAN,0.71847945,1.7055749128919862,1.501244400199104,-1.2216875696023313,0.6213770473165421,0.5169148469436702,-0.4205990410622683,0.18354815,4.894420815611709,10.942953843059772
CHL,-0.15540831,1.767,1.637,0.3295504619185749,0.5059525911080439,0.40737666525678684,-1.1924737755353476,0.1253722,3.8216432865731464,10.24284670683787
CHN,0.39810467,1.5992720052945069,1.784248841826605,-0.1503070386922087,0.5604820368289876,0.5305328744355886,-0.6555276404471405,-0.019810122,2.834331337325349,9.725793680977956
COL,-0.34593233,1.7644736842105264,1.8355263157894737,1.745889568588204,0.5931491711079081,0.38034129903563707,-0.286606650218839,-0.045174524,3.1194926568758343,9.743874503852126
CZE,0.3843513,1.4556113902847572,1.4974874371859297,-3.555394815127074,0.6271348842978794,0.5792297665267832,2.8377501708671886,-0.020464402,3.145954962468724,10.71057467935884
EGY,-0.3831945,1.781484570475396,1.8924103419516265,2.3153573153864206,0.46020003283021416,0.3996399636714155,0.6497407000102887,-0.2808962,2.5975,9.55577479009304
DEU,0.6243982,1.6308196721311476,1.664918032786885,-0.724559674747855,0.7402475965723594,0.634023240965096,-1.9176562127339465,-0.044485882,4.078688524590164,11.02681763631233
GRC,-0.3600854,1.781954887218045,1.467000835421888,-0.7652378946604489,0.615606399514228,0.4838240692299564,-0.2704928051359531,-0.15707357,3.2325,10.379638949840924
GTM,-0.25725538,1.4200913242009132,1.4248826291079812,-4.409652558799265,0.6077033891739592,0.48802835176717163,2.174121441460862,-0.21859027,4.085376162299239,9.311261942682822
IND,-0.108732834,1.6932624113475176,1.7062647754137117,0.1514453232598538,0.5516547426002962,0.393639065176826,-0.3187971832571213,-0.2752474,3.202486678507993,8.861119026550787
IDN,-0.3618209,1.7953125,1.7746875,1.5892616206102117,0.5349276256369647,0.43733820280929664,-1.1867499280454077,-0.3216432,2.2566427008440137,9.374387416995278
IRN,-0.38071907,1.742494996664443,1.428285523682455,-1.410093292380194,0.5381516021957803,0.45877042563406933,1.0029339810163576,0.33788,3.9912985274431056,9.64326813671928
IRQ,-0.41695645,1.8166666666666669,1.785,1.861083728315,0.5202798469618772,0.4443246991290005,0.8633736729074087,0.16578853,2.847953216374269,9.578679979427552
JPN,0.108412586,1.563192904656319,1.3673318551367333,-3.5065659009563745,0.7729286273868077,0.6176864393273629,1.1005494645655982,-0.3558383,4.380703066566941,10.724925442888976
JOR,-0.4184762,1.832917705735661,1.8113050706566916,2.201791320612454,0.4848415197019541,0.4057566816253484,-0.0881953730156035,-0.12480165,3.166527893422148,9.2347591804913
KAZ,-0.25865525,1.5744514106583072,1.5885579937304075,-1.7984195921732693,0.5024098704967966,0.4237965534126114,0.7050717344847561,0.24510741,4.792176039119805,10.365552145061642
KEN,-0.07622269,1.8593996840442335,1.731437598736177,1.8669721866288531,0.5058993681753222,0.38916940224242913,0.1064953719207706,0.2439042,3.31031746031746,8.495781149085648
MEX,-0.108428106,1.6417481311098332,1.757331799884991,0.0464347313455167,0.5715965117110755,0.4291826607728554,0.9108994473829802,-0.13891679,3.023081361800346,9.984719129689855
MAR,-0.31072527,1.8266666666666669,1.69,1.2644458177640414,0.5668786948704149,0.41644116459683717,-1.0954459655653788,-0.068959214,2.4791666666666665,9.039643517634676
NLD,0.9517078,1.6951690821256038,1.7603864734299517,0.5615119533955969,0.5423526655917458,0.5136758455871299,1.1623060958871534,0.18932624,4.732451678535097,11.08983750643868
NIC,-0.61252034,1.7208333333333334,1.8416666666666663,1.3877392844564438,0.4915952296738502,0.45503038916460276,0.4846305794843185,-0.5472273,2.7356130108423686,8.8615946442124
NGA,-0.20041943,1.8609539207760712,1.792239288601455,2.322228021794532,0.6366557991269521,0.5563267195459556,0.293889777738102,0.3859835,2.5887622149837135,9.048673480629786
PAK,-0.08310799,1.7483709273182957,1.7714285714285714,1.1324897132854028,0.42596415080724964,0.4421327194244067,-0.2301148623065246,0.019619443,2.16214859437751,8.52059877387035
PER,-0.10892991,1.7457142857142858,1.7821428571428573,1.185672959237322,0.5460087807019575,0.49630795826507945,0.1824163922556951,0.15494472,3.309285714285714,9.620472686761463
PHL,0.099112764,1.6508333333333334,1.825,0.620974033094,0.4624565453665446,0.4177849081094028,1.0012604135771006,0.29464763,2.3408333333333333,9.053983548743336
ROU,-0.26815102,1.7295147175815433,1.7501988862370723,0.8045487820020741,0.5417989818485084,0.42752319633199126,0.1241146038815924,-0.22955099,3.204149377593361,10.391368101956564
RUS,-0.07527795,1.5193370165745856,1.6049723756906078,-2.187939128707634,0.5669222862900765,0.3759648080612404,-0.6637574225448186,-0.3233624,4.873333333333333,10.488007928360153
SRB,-0.1378207,1.718296224588577,1.531461761858664,-0.8851787765774801,0.5776729917516541,0.4598131593423199,0.6172474799665167,-0.12961876,5.1346341463414635,9.887371153176
KOR,0.36924976,1.5502008032128514,1.5036144578313253,-2.6381683521589867,0.6142422134252044,0.4312099494716463,-0.1094199808104482,-0.03935208,4.118072289156626,10.766081885851694
THA,-0.2297256,1.6226666666666667,1.5373333333333334,-1.7249928761282027,0.5082800815652261,0.4676154728439661,1.38864444245744,-0.12358965,2.159783344617468,9.906895885074016
TUR,-0.0473989,1.6068069861173309,1.58130081300813,-1.5524950623983755,0.5710947277924998,0.4924725316419476,-0.3269216610187493,0.023427222,2.333748960931006,10.226038698936202
UKR,-0.18166576,1.6074476338246704,1.5446082234290148,-1.812666709692122,0.49500896359181806,0.4698933360220721,-1.397400401178109,-0.21866788,4.897496087636933,9.706146919190363
GBR,0.5350247,1.805674310143801,1.5981344733773806,0.4045655015629799,0.592290180831301,0.5353743462576458,-0.3453482518033062,0.04868467,4.25010250102501,10.86037863371507
USA,0.81126213,1.7322530864197532,1.5968364197530864,-0.2823197478499212,0.5113425750580622,0.46307523772932574,0.6794776662464966,0.1165868,4.882123341139734,11.104336807711285
VNM,0.110499695,1.6791666666666667,1.5491666666666666,-1.1178446005922584,0.5809582489347255,0.33862262171643853,-0.0792908582027944,-0.008681621,3.234166666666667,9.243318234128331
ZWE,-0.23858719,1.8592592592592592,1.716872427983539,1.7600544571791672,0.5038275912376966,0.3837000456956162,0.8164045210312361,0.5231948,2.4525968672712284,8.54894110021535
